date,user
2022-02-07 15:14:25.228748,BC1
2022-02-08 19:43:07.136411,QR
2022-02-08 19:48:12.571776,QR
2022-02-08 19:50:50.627583,QR
2022-02-08 19:50:52.003262,QR
2022-02-08 19:51:22.243769,QR
2022-02-08 19:51:48.132303,QR
2022-02-08 19:52:43.317396,Test
2022-02-08 19:54:02.168375,Test
2022-02-08 19:54:02.945699,Test
2022-02-08 19:54:03.906702,Test
2022-02-08 19:54:04.098481,Test
2022-02-08 19:54:04.354504,Test
2022-02-08 19:54:04.986806,Test
2022-02-08 19:54:05.421046,Test
2022-02-08 19:54:05.582830,Test
2022-02-08 19:54:05.729886,Test
2022-02-08 19:54:05.864969,Test
2022-02-08 19:55:06.141519,Test
2022-02-08 19:58:27.927939,QR
2022-02-08 20:01:50.086684,QR
2022-02-08 20:04:58.722002,QR
2022-02-08 20:04:58.724956,QR
2022-02-08 20:34:51.460129,QR
2022-02-08 20:35:19.178717,QR
2022-02-08 20:42:15.393694,QR
2022-02-08 20:42:15.406026,QR
2022-02-08 21:07:54.319281,QR
2022-02-08 21:07:54.322011,QR
2022-02-08 21:08:48.845383,QR
2022-02-08 21:08:48.851194,QR
2022-02-08 21:10:32.461173,QR
2022-02-08 21:10:32.463781,QR
2022-02-08 21:11:21.640871,QR
2022-02-08 21:11:21.644549,QR
2022-02-08 21:13:08.513078,QR
2022-02-08 21:13:08.515540,QR
2022-02-08 21:13:34.367251,QR
2022-02-08 21:13:34.375294,QR
2022-02-08 21:19:53.796168,QR
2022-02-08 21:19:53.798716,QR
2022-02-08 22:06:45.529301,QR
2022-02-08 22:06:45.533747,QR
2022-02-08 22:19:10.459408,QR
2022-02-08 22:19:10.466915,QR
2022-02-08 22:35:05.635574,QR
2022-02-08 22:35:05.637971,QR
2022-02-08 22:37:18.464552,QR
2022-02-08 22:37:18.468119,QR
2022-02-08 22:40:13.971010,QR
2022-02-08 22:40:13.974606,QR
2022-02-08 22:59:35.722017,QR
2022-02-08 22:59:35.727357,QR
2022-02-08 23:03:18.925408,QR
2022-02-08 23:03:18.933885,QR
2022-02-08 23:07:06.526681,QR
2022-02-08 23:07:06.528511,QR
2022-02-08 23:12:54.042035,QR
2022-02-08 23:12:54.045177,QR
2022-02-08 23:13:10.504454,QR
2022-02-08 23:13:10.513208,QR
2022-02-08 23:15:40.100196,QR
2022-02-08 23:15:40.103012,QR
2022-02-08 23:20:03.727254,QR
2022-02-08 23:20:03.730256,QR
2022-02-08 23:23:13.523363,QR
2022-02-08 23:23:13.530723,QR
2022-02-08 23:33:49.638041,QR
2022-02-08 23:33:49.642140,QR
2022-02-08 23:36:10.606378,QR
2022-02-08 23:36:10.608682,QR
2022-02-08 23:36:58.487875,QR
2022-02-08 23:36:58.498664,QR
2022-02-08 23:37:40.112396,QR
2022-02-08 23:37:40.115214,QR
2022-02-08 23:39:19.022142,QR
2022-02-08 23:39:19.030368,QR
2022-02-09 14:01:41.211152,QR
2022-02-09 14:01:41.213437,QR
2022-02-09 14:02:23.008118,QR
2022-02-09 14:02:23.010622,QR
2022-02-09 14:02:35.215439,QR
2022-02-09 14:02:35.223312,QR
2022-02-09 14:05:25.080013,QR
2022-02-09 14:05:25.083818,QR
2022-02-09 14:07:59.831079,QR
2022-02-09 14:07:59.839935,QR
2022-02-09 14:09:11.666051,QR
2022-02-09 14:09:11.674829,QR
2022-02-09 14:09:53.848804,QR
2022-02-09 14:09:53.852489,QR
2022-02-09 22:10:24.860065,QR
2022-02-09 22:10:24.862873,QR
2022-02-09 22:11:30.914272,QR
2022-02-09 22:11:30.919845,QR
2022-02-09 22:14:22.173855,QR
2022-02-09 22:14:22.183714,QR
2022-02-09 22:16:40.348572,QR
2022-02-09 22:16:40.351403,QR
2022-02-09 22:17:15.572699,QR
2022-02-09 22:17:15.574938,QR
2022-02-10 21:10:37.711417,azertyuiop
2022-02-10 21:10:37.716960,azertyuiop
2022-02-10 21:13:21.865019,aa
2022-02-10 21:13:21.869887,aa
2022-02-10 21:14:35.631253,:::
2022-02-10 21:14:35.636470,:::
2022-02-10 22:38:39.016575,QR
2022-02-10 22:38:39.018779,QR
2022-02-10 22:45:06.223211,test
2022-02-10 22:45:06.226905,test
2022-02-10 22:46:06.057273,test
2022-02-10 22:46:06.060682,test
2022-02-11 09:31:54.687580,QR
2022-02-11 09:31:54.693023,QR
2022-02-11 11:39:33.084307,QR
2022-02-11 11:39:33.089046,QR
2022-02-11 12:09:21.898723,QR
2022-02-11 12:09:21.905606,QR
2022-02-11 13:31:40.796668,QR
2022-02-11 13:31:40.800892,QR
2022-02-11 16:09:23.051019,MesGrossesCOuilles
2022-02-11 16:09:23.059098,MesGrossesCOuilles
